-- phpMyAdmin SQL Dump
-- version 4.9.0.1
-- https://www.phpmyadmin.net/
--
-- Host: sql301.byetcluster.com
-- Generation Time: May 03, 2020 at 11:06 AM
-- Server version: 5.6.47-87.0
-- PHP Version: 7.2.22

SET SQL_MODE = "NO_AUTO_VALUE_ON_ZERO";
SET AUTOCOMMIT = 0;
START TRANSACTION;
SET time_zone = "+00:00";


/*!40101 SET @OLD_CHARACTER_SET_CLIENT=@@CHARACTER_SET_CLIENT */;
/*!40101 SET @OLD_CHARACTER_SET_RESULTS=@@CHARACTER_SET_RESULTS */;
/*!40101 SET @OLD_COLLATION_CONNECTION=@@COLLATION_CONNECTION */;
/*!40101 SET NAMES utf8mb4 */;

--
-- Database: `epiz_25673480_Cluster`
--

-- --------------------------------------------------------

--
-- Table structure for table `faleristics`
--

CREATE TABLE `faleristics` (
  `sport_id` varchar(3) NOT NULL,
  `name` varchar(50) NOT NULL
) ENGINE=MyISAM DEFAULT CHARSET=latin1;

--
-- Dumping data for table `faleristics`
--

INSERT INTO `faleristics` (`sport_id`, `name`) VALUES
('RBY', 'RUGBY'),
('TBT', 'TABLE TENNIS'),
('FUT', 'FOOTBALL'),
('TEN', 'TENNIS'),
('SNO', 'Snooker');

-- --------------------------------------------------------

--
-- Table structure for table `IP`
--

CREATE TABLE `IP` (
  `IP` varchar(20) NOT NULL,
  `first_name` varchar(50) NOT NULL,
  `last_name` varchar(50) NOT NULL,
  `email` varchar(100) NOT NULL,
  `password` varchar(25) NOT NULL,
  `admin` tinyint(4) NOT NULL
) ENGINE=MyISAM DEFAULT CHARSET=latin1;

--
-- Dumping data for table `IP`
--

INSERT INTO `IP` (`IP`, `first_name`, `last_name`, `email`, `password`, `admin`) VALUES
('37.228.248.57', '', '', '', '', 0),
('37.228.248.57', '', '', '', '', 0),
('37.228.248.57', '', '', '', '', 0),
('37.228.248.57', '', '', '', '', 0),
('37.228.248.57', '', '', '', '', 0),
('37.228.248.57', '', '', '', '', 0),
('37.228.248.57', '', '', '', '', 0),
('37.228.248.57', '', '', '', '', 0),
('37.228.248.57', '', '', '', '', 0),
('37.228.248.57', '', '', '', '', 0),
('37.228.248.57', '', '', '', '', 0),
('37.228.248.57', '', '', '', '', 0),
('37.228.248.57', '', '', '', '', 0),
('37.228.248.57', '', '', '', '', 0),
('37.228.248.57', '', '', '', '', 0),
('37.228.248.57', '', '', '', '', 0),
('37.228.248.57', '', '', '', '', 0),
('37.228.248.57', '', '', '', '', 0),
('37.228.248.57', '', '', '', '', 0),
('37.228.248.57', '', '', '', '', 0),
('37.228.248.57', '', '', '', '', 0),
('37.228.248.57', '', '', '', '', 0),
('37.228.248.57', '', '', '', '', 0),
('37.228.248.57', '', '', '', '', 0),
('37.228.248.57', '', '', '', '', 0),
('37.228.248.57', '', '', '', '', 0),
('37.228.248.57', '', '', '', '', 0),
('37.228.248.57', '', '', '', '', 0),
('37.228.248.57', '', '', '', '', 0),
('37.228.248.57', '', '', '', '', 0),
('37.228.248.57', '', '', '', '', 0),
('37.228.248.57', '', '', '', '', 0),
('37.228.248.57', '', '', '', '', 0),
('37.228.248.57', '', '', '', '', 0),
('37.228.248.57', '', '', '', '', 0),
('37.228.248.57', '', '', '', '', 0),
('37.228.248.57', '', '', '', '', 0),
('37.228.248.57', '', '', '', '', 0),
('37.228.248.57', '', '', '', '', 0),
('37.228.248.57', '', '', '', '', 0),
('37.228.248.57', '', '', '', '', 0),
('37.228.248.57', '', '', '', '', 0),
('37.228.248.57', '', '', '', '', 0),
('37.228.248.57', '', '', '', '', 0),
('37.228.248.57', '', '', '', '', 0),
('37.228.248.57', '', '', '', '', 0),
('37.228.248.57', '', '', '', '', 0),
('37.228.248.57', '', '', '', '', 0),
('37.228.248.57', '', '', '', '', 0),
('37.228.248.57', '', '', '', '', 0),
('37.228.248.57', '', '', '', '', 0),
('37.228.248.57', '', '', '', '', 0),
('37.228.248.57', '', '', '', '', 0),
('37.228.248.57', '', '', '', '', 0),
('37.228.248.57', '', '', '', '', 0),
('37.228.248.57', '', '', '', '', 0),
('37.228.248.57', '', '', '', '', 0),
('37.228.248.57', '', '', '', '', 0),
('37.228.248.57', '', '', '', '', 0),
('37.228.248.57', '', '', '', '', 0),
('37.228.248.57', '', '', '', '', 0),
('37.228.248.57', '', '', '', '', 0),
('37.228.248.57', '', '', '', '', 0),
('37.228.248.57', '', '', '', '', 0),
('37.228.248.57', '', '', '', '', 0),
('37.228.248.57', '', '', '', '', 0),
('37.228.248.57', '', '', '', '', 0),
('37.228.248.57', '', '', '', '', 0),
('37.228.248.57', '', '', '', '', 0),
('37.228.248.57', '', '', '', '', 0),
('37.228.248.57', '', '', '', '', 0),
('37.228.248.57', '', '', '', '', 0),
('37.228.248.57', '', '', '', '', 0),
('37.228.248.57', '', '', '', '', 0),
('37.228.248.57', '', '', '', '', 0),
('37.228.248.57', '', '', '', '', 0),
('37.228.248.57', '', '', '', '', 0),
('37.228.248.57', '', '', '', '', 0),
('37.228.248.57', '', '', '', '', 0),
('37.228.248.57', '', '', '', '', 0),
('37.228.248.57', '', '', '', '', 0),
('37.228.248.57', '', '', '', '', 0),
('37.228.248.57', '', '', '', '', 0),
('37.228.248.57', '', '', '', '', 0),
('37.228.248.57', '', '', '', '', 0),
('37.228.248.57', '', '', '', '', 0),
('37.228.248.57', '', '', '', '', 0),
('37.228.248.57', '', '', '', '', 0),
('37.228.248.57', '', '', '', '', 0),
('37.228.248.57', '', '', '', '', 0),
('37.228.248.57', '', '', '', '', 0),
('37.228.248.57', '', '', '', '', 0),
('37.228.248.57', '', '', '', '', 0),
('37.228.248.57', '', '', '', '', 0),
('37.228.248.57', '', '', '', '', 0),
('37.228.248.57', '', '', '', '', 0),
('37.228.248.57', '', '', '', '', 0),
('37.228.248.57', '', '', '', '', 0),
('37.228.248.57', '', '', '', '', 0),
('37.228.248.57', '', '', '', '', 0),
('37.228.248.57', '', '', '', '', 0),
('37.228.248.57', '', '', '', '', 0),
('37.228.248.57', '', '', '', '', 0),
('37.228.248.57', '', '', '', '', 0),
('37.228.248.57', '', '', '', '', 0),
('37.228.248.57', '', '', '', '', 0),
('37.228.248.57', '', '', '', '', 0),
('37.228.248.57', '', '', '', '', 0),
('37.228.248.57', '', '', '', '', 0),
('37.228.248.57', '', '', '', '', 0),
('37.228.248.57', '', '', '', '', 0),
('37.228.248.57', '', '', '', '', 0),
('37.228.248.57', '', '', '', '', 0),
('37.228.248.57', '', '', '', '', 0),
('37.228.248.57', '', '', '', '', 0),
('37.228.248.57', '', '', '', '', 0),
('37.228.248.57', '', '', '', '', 0),
('37.228.248.57', '', '', '', '', 0),
('37.228.248.57', '', '', '', '', 0),
('37.228.248.57', '', '', '', '', 0),
('37.228.248.57', '', '', '', '', 0),
('37.228.248.57', '', '', '', '', 0),
('37.228.248.57', '', '', '', '', 0),
('37.228.248.57', '', '', '', '', 0),
('37.228.248.57', '', '', '', '', 0),
('37.228.248.57', '', '', '', '', 0),
('37.228.248.57', '', '', '', '', 0),
('37.228.248.57', '', '', '', '', 0),
('37.228.248.57', '', '', '', '', 0),
('37.228.248.57', '', '', '', '', 0),
('37.228.248.57', '', '', '', '', 0),
('37.228.248.57', '', '', '', '', 0),
('37.228.248.57', '', '', '', '', 0),
('37.228.248.57', '', '', '', '', 0),
('37.228.248.57', '', '', '', '', 0),
('37.228.248.57', '', '', '', '', 0),
('37.228.248.57', '', '', '', '', 0),
('37.228.248.57', '', '', '', '', 0),
('37.228.248.57', '', '', '', '', 0),
('37.228.248.57', '', '', '', '', 0),
('37.228.248.57', '', '', '', '', 0),
('37.228.248.57', '', '', '', '', 0),
('37.228.248.57', '', '', '', '', 0),
('37.228.248.57', '', '', '', '', 0),
('37.228.248.57', '', '', '', '', 0),
('37.228.248.57', '', '', '', '', 0),
('37.228.248.57', '', '', '', '', 0),
('37.228.248.57', '', '', '', '', 0),
('37.228.248.57', '', '', '', '', 0),
('37.228.248.57', '', '', '', '', 0),
('37.228.248.57', '', '', '', '', 0),
('37.228.248.57', '', '', '', '', 0),
('37.228.248.57', '', '', '', '', 0),
('37.228.248.57', '', '', '', '', 0),
('37.228.248.57', '', '', '', '', 0),
('37.228.248.57', '', '', '', '', 0),
('37.228.248.57', '', '', '', '', 0),
('37.228.248.57', '', '', '', '', 0),
('37.228.248.57', '', '', '', '', 0),
('37.228.248.57', '', '', '', '', 0),
('37.228.248.57', '', '', '', '', 0),
('37.228.248.57', '', '', '', '', 0),
('37.228.248.57', '', '', '', '', 0),
('37.228.248.57', '', '', '', '', 0),
('37.228.248.57', '', '', '', '', 0),
('37.228.248.57', '', '', '', '', 0),
('37.228.248.57', '', '', '', '', 0),
('37.228.248.57', '', '', '', '', 0),
('37.228.248.57', '', '', '', '', 0),
('37.228.248.57', '', '', '', '', 0),
('37.228.248.57', '', '', '', '', 0),
('37.228.248.57', '', '', '', '', 0),
('37.228.248.57', '', '', '', '', 0),
('37.228.248.57', '', '', '', '', 0),
('37.228.248.57', '', '', '', '', 0),
('37.228.248.57', '', '', '', '', 0),
('37.228.248.57', '', '', '', '', 0),
('37.228.248.57', '', '', '', '', 0),
('37.228.248.57', '', '', '', '', 0),
('37.228.248.57', '', '', '', '', 0),
('217.114.169.237', '', '', '', '', 0),
('217.114.169.237', '', '', '', '', 0),
('217.114.169.243', '', '', '', '', 0),
('217.114.169.243', '', '', '', '', 0),
('217.114.169.243', '', '', '', '', 0),
('217.114.169.243', '', '', '', '', 0),
('217.114.169.243', '', '', '', '', 0),
('37.228.248.57', '', '', '', '', 0),
('37.228.248.57', '', '', '', '', 0),
('37.228.248.57', '', '', '', '', 0),
('37.228.248.57', '', '', '', '', 0),
('37.228.248.57', '', '', '', '', 0),
('37.228.248.57', '', '', '', '', 0),
('37.228.248.57', '', '', '', '', 0),
('37.228.248.57', '', '', '', '', 0),
('37.228.248.57', '', '', '', '', 0),
('37.228.248.57', '', '', '', '', 0),
('37.228.248.57', '', '', '', '', 0),
('37.228.248.57', '', '', '', '', 0),
('37.228.248.57', '', '', '', '', 0),
('37.228.248.57', '', '', '', '', 0),
('37.228.248.57', '', '', '', '', 0),
('37.228.248.57', '', '', '', '', 0),
('37.228.248.57', '', '', '', '', 0),
('37.228.248.57', '', '', '', '', 0),
('37.228.248.57', '', '', '', '', 0),
('37.228.248.57', '', '', '', '', 0),
('37.228.248.57', '', '', '', '', 0),
('37.228.248.57', '', '', '', '', 0),
('37.228.248.57', '', '', '', '', 0),
('37.228.248.57', '', '', '', '', 0),
('37.228.248.57', '', '', '', '', 0),
('37.228.248.57', '', '', '', '', 0),
('37.228.248.57', '', '', '', '', 0),
('37.228.248.57', '', '', '', '', 0),
('37.228.248.57', '', '', '', '', 0),
('37.228.248.57', '', '', '', '', 0),
('37.228.248.57', '', '', '', '', 0),
('37.228.248.57', '', '', '', '', 0),
('37.228.248.57', '', '', '', '', 0),
('37.228.248.57', '', '', '', '', 0),
('37.228.248.57', '', '', '', '', 0),
('37.228.248.57', '', '', '', '', 0),
('37.228.248.57', '', '', '', '', 0),
('37.228.248.57', '', '', '', '', 0),
('37.228.248.57', '', '', '', '', 0),
('37.228.248.57', '', '', '', '', 0),
('37.228.248.57', '', '', '', '', 0),
('37.228.248.57', '', '', '', '', 0),
('37.228.248.57', '', '', '', '', 0),
('37.228.248.57', '', '', '', '', 0),
('37.228.248.57', '', '', '', '', 0),
('37.228.248.57', '', '', '', '', 0),
('37.228.248.57', '', '', '', '', 0),
('37.228.248.57', '', '', '', '', 0),
('37.228.248.57', '', '', '', '', 0),
('37.228.248.57', '', '', '', '', 0),
('37.228.248.57', '', '', '', '', 0),
('37.228.248.57', '', '', '', '', 0),
('37.228.248.57', '', '', '', '', 0),
('37.228.248.57', '', '', '', '', 0),
('37.228.248.57', '', '', '', '', 0),
('37.228.248.57', '', '', '', '', 0),
('37.228.248.57', '', '', '', '', 0),
('37.228.248.57', '', '', '', '', 0),
('37.228.248.57', '', '', '', '', 0),
('37.228.248.57', '', '', '', '', 0),
('37.228.248.57', '', '', '', '', 0),
('37.228.248.57', '', '', '', '', 0),
('37.228.248.57', '', '', '', '', 0),
('37.228.248.57', '', '', '', '', 0),
('37.228.248.57', '', '', '', '', 0),
('37.228.248.57', '', '', '', '', 0),
('37.228.248.57', '', '', '', '', 0),
('37.228.248.57', '', '', '', '', 0),
('37.228.248.57', '', '', '', '', 0),
('37.228.248.57', '', '', '', '', 0),
('37.228.248.57', '', '', '', '', 0),
('37.228.248.57', '', '', '', '', 0),
('37.228.248.57', '', '', '', '', 0),
('37.228.248.57', '', '', '', '', 0),
('37.228.248.57', '', '', '', '', 0),
('37.228.248.57', '', '', '', '', 0),
('37.228.248.57', '', '', '', '', 0),
('37.228.248.57', '', '', '', '', 0),
('37.228.248.57', '', '', '', '', 0),
('37.228.248.57', '', '', '', '', 0),
('37.228.248.57', '', '', '', '', 0),
('37.228.248.57', '', '', '', '', 0),
('37.228.248.57', '', '', '', '', 0),
('37.228.248.57', '', '', '', '', 0),
('37.228.248.57', '', '', '', '', 0),
('37.228.248.57', '', '', '', '', 0),
('37.228.248.57', '', '', '', '', 0),
('37.228.248.57', '', '', '', '', 0),
('37.228.248.57', '', '', '', '', 0),
('37.228.248.57', '', '', '', '', 0),
('37.228.248.57', '', '', '', '', 0),
('37.228.248.57', '', '', '', '', 0),
('37.228.248.57', '', '', '', '', 0),
('37.228.248.57', '', '', '', '', 0),
('37.228.248.57', '', '', '', '', 0),
('37.228.248.57', '', '', '', '', 0),
('37.228.248.57', '', '', '', '', 0),
('37.228.248.57', '', '', '', '', 0),
('37.228.248.57', '', '', '', '', 0),
('37.228.248.57', '', '', '', '', 0),
('37.228.248.57', '', '', '', '', 0),
('37.228.248.57', '', '', '', '', 0),
('37.228.248.57', '', '', '', '', 0),
('37.228.248.57', '', '', '', '', 0),
('37.228.248.57', '', '', '', '', 0),
('37.228.248.57', '', '', '', '', 0),
('37.228.248.57', '', '', '', '', 0),
('37.228.248.57', '', '', '', '', 0),
('37.228.248.57', '', '', '', '', 0),
('37.228.248.57', '', '', '', '', 0),
('37.228.248.57', '', '', '', '', 0),
('37.228.248.57', '', '', '', '', 0),
('37.228.248.57', '', '', '', '', 0),
('37.228.248.57', '', '', '', '', 0),
('37.228.248.57', '', '', '', '', 0),
('37.228.248.57', '', '', '', '', 0),
('37.228.248.57', '', '', '', '', 0),
('37.228.248.57', '', '', '', '', 0),
('37.228.248.57', '', '', '', '', 0),
('37.228.248.57', '', '', '', '', 0),
('37.228.248.57', '', '', '', '', 0),
('37.228.248.57', '', '', '', '', 0),
('37.228.248.57', '', '', '', '', 0),
('37.228.248.57', '', '', '', '', 0),
('37.228.248.57', '', '', '', '', 0),
('37.228.248.57', '', '', '', '', 0),
('37.228.248.57', '', '', '', '', 0),
('37.228.248.57', '', '', '', '', 0),
('37.228.248.57', '', '', '', '', 0),
('37.228.248.57', '', '', '', '', 0),
('37.228.248.57', '', '', '', '', 0),
('37.228.248.57', '', '', '', '', 0),
('37.228.248.57', '', '', '', '', 0),
('37.228.248.57', '', '', '', '', 0),
('37.228.248.57', '', '', '', '', 0),
('37.228.248.57', '', '', '', '', 0),
('37.228.248.57', '', '', '', '', 0),
('37.228.248.57', '', '', '', '', 0),
('37.228.248.57', '', '', '', '', 0),
('37.228.248.57', '', '', '', '', 0),
('37.228.248.57', '', '', '', '', 0),
('37.228.248.57', '', '', '', '', 0),
('37.228.248.57', '', '', '', '', 0),
('37.228.248.57', '', '', '', '', 0),
('37.228.248.57', '', '', '', '', 0),
('37.228.248.57', '', '', '', '', 0),
('37.228.248.57', '', '', '', '', 0),
('37.228.248.57', '', '', '', '', 0),
('37.228.248.57', '', '', '', '', 0),
('37.228.248.57', '', '', '', '', 0),
('37.228.248.57', '', '', '', '', 0),
('37.228.248.57', '', '', '', '', 0),
('37.228.248.57', '', '', '', '', 0),
('37.228.248.57', '', '', '', '', 0),
('37.228.248.57', '', '', '', '', 0),
('37.228.248.57', '', '', '', '', 0),
('37.228.248.57', '', '', '', '', 0),
('37.228.248.57', '', '', '', '', 0),
('37.228.248.57', '', '', '', '', 0),
('37.228.248.57', '', '', '', '', 0),
('37.228.248.57', '', '', '', '', 0),
('37.228.248.57', '', '', '', '', 0);

-- --------------------------------------------------------

--
-- Table structure for table `Members`
--

CREATE TABLE `Members` (
  `student_id` varchar(10) NOT NULL,
  `sport_id` varchar(3) NOT NULL,
  `joined_on` timestamp NOT NULL DEFAULT CURRENT_TIMESTAMP
) ENGINE=MyISAM DEFAULT CHARSET=latin1;

--
-- Dumping data for table `Members`
--

INSERT INTO `Members` (`student_id`, `sport_id`, `joined_on`) VALUES
('20101234', 'RBY', '2020-04-30 15:27:04'),
('20124568', 'RBY', '2020-04-30 15:27:04'),
('20134321', 'RBY', '2020-04-30 15:27:04'),
('20134321', 'TEN', '2020-04-30 15:27:04'),
('20101234', 'TEN', '2020-04-30 15:27:04'),
('20134321', 'TBT', '2020-04-30 15:27:04'),
('20098989', 'TBT', '2020-04-30 15:27:04'),
('20121524', 'TBT', '2020-04-30 15:27:04'),
('20121524', 'FUT', '2020-04-30 15:27:04'),
('20124568', 'TBT', '2020-04-30 15:27:04');

-- --------------------------------------------------------

--
-- Table structure for table `Product`
--

CREATE TABLE `Product` (
  `Adminid` varchar(10) NOT NULL,
  `img1` varchar(500) NOT NULL,
  `img2` varchar(500) NOT NULL,
  `img3` varchar(500) NOT NULL,
  `Name_of_Product` varchar(500) NOT NULL,
  `password` varchar(500) NOT NULL,
  `admin` tinyint(4) NOT NULL
) ENGINE=MyISAM DEFAULT CHARSET=latin1;

--
-- Dumping data for table `Product`
--

INSERT INTO `Product` (`Adminid`, `img1`, `img2`, `img3`, `Name_of_Product`, `password`, `admin`) VALUES
('20098989', '<img src=\"thumbnail.jpg\" width=\"422\" height=\"344\" hspace=\"15\" vspace=\"15\">', '<img src=\"thumbnail (1).jpg\" width=\"422\" height=\"344\" hspace=\"15\" vspace=\"15\">', '<img src=\"thumbnail (3).jpg\" width=\"422\" height=\"344\" hspace=\"15\" vspace=\"15\">', 'Order of Honor', 'cct', 0);
-- --------------------------------------------------------

--
-- Table structure for table `Students`
--



-- --------------------------------------------------------




CREATE TABLE `Students` (
  `student_id` varchar(10) NOT NULL,
  `first_name` varchar(50) NOT NULL,
  `last_name` varchar(50) NOT NULL,
  `email` varchar(100) NOT NULL,
  `password` varchar(500) NOT NULL,
  `admin` tinyint(4) NOT NULL
) ENGINE=MyISAM DEFAULT CHARSET=latin1;

--
-- Dumping data for table `Students`
--

INSERT INTO `Students` (`student_id`, `first_name`, `last_name`, `email`, `password`, `admin`) VALUES
('20101234', 'Brian', 'O\'Driscoll', 'Brian@cctstudent.ie', '1111', 1),
('20121524', 'Jonathan', 'Sexton', 'Jonny@cctstudent.ie', '2222', 0),
('20124568', 'Tom', 'Denton', 'Tom@cctstudent.ie', 'abc', 0),
('20134321', 'Leo', 'Cullen', 'Leo@cctstudent.ie', 'def', 0),
('20098989', 'John', 'Smith', 'Smith@cctstudent.ie', 'cct', 1),
('29999992', 'Sever', 'Ugas', 'lelkamoja@yahoo.com', 'dddd', 0);

--
-- Indexes for dumped tables
--

--
-- Indexes for table `faleristics`
--
ALTER TABLE `faleristics`
  ADD PRIMARY KEY (`sport_id`);

--
-- Indexes for table `Members`
--
ALTER TABLE `Members`
  ADD PRIMARY KEY (`student_id`,`sport_id`),
  ADD KEY `sport_id` (`sport_id`);

--
-- Indexes for table `Product`
--
ALTER TABLE `Product`
  ADD PRIMARY KEY (`Adminid`);

--
-- Indexes for table `Students`
--
ALTER TABLE `Students`
  ADD PRIMARY KEY (`student_id`);
COMMIT;

/*!40101 SET CHARACTER_SET_CLIENT=@OLD_CHARACTER_SET_CLIENT */;
/*!40101 SET CHARACTER_SET_RESULTS=@OLD_CHARACTER_SET_RESULTS */;
/*!40101 SET COLLATION_CONNECTION=@OLD_COLLATION_CONNECTION */;
